{
  "Bicubic": {
    "16": {
      "metrics": {
        "rank1": 0.1927710843373494,
        "rank5": 0.3602409638554217,
        "rank10": 0.4602409638554217,
        "n": 910,
        "n_det": 830,
        "det_rate": 0.9120879120879121,
        "rank1_ci_lo": 0.1650602409638554,
        "rank1_ci_hi": 0.22048192771084338
      }
    },
    "24": {
      "metrics": {
        "rank1": 0.45434298440979953,
        "rank5": 0.6648106904231625,
        "rank10": 0.7538975501113586,
        "n": 910,
        "n_det": 898,
        "det_rate": 0.9868131868131869,
        "rank1_ci_lo": 0.4220489977728285,
        "rank1_ci_hi": 0.4844097995545657
      }
    },
    "32": {
      "metrics": {
        "rank1": 0.7282728272827282,
        "rank5": 0.856985698569857,
        "rank10": 0.900990099009901,
        "n": 910,
        "n_det": 909,
        "det_rate": 0.9989010989010989,
        "rank1_ci_lo": 0.7018426842684269,
        "rank1_ci_hi": 0.7546754675467546
      }
    },
    "native": {
      "metrics": {
        "rank1": 0.9846153846153847,
        "rank5": 0.9945054945054945,
        "rank10": 0.9967032967032967,
        "n": 910,
        "n_det": 910,
        "det_rate": 1.0,
        "rank1_ci_lo": 0.9758241758241758,
        "rank1_ci_hi": 0.9923076923076923
      }
    }
  },
  "GFPGAN": {
    "16": {
      "metrics": {
        "rank1": 0.10928319623971798,
        "rank5": 0.2773207990599295,
        "rank10": 0.4007050528789659,
        "n": 910,
        "n_det": 851,
        "det_rate": 0.9351648351648352,
        "rank1_ci_lo": 0.0881316098707403,
        "rank1_ci_hi": 0.13043478260869565
      }
    },
    "24": {
      "metrics": {
        "rank1": 0.3233665559246955,
        "rank5": 0.5359911406423035,
        "rank10": 0.6334440753045404,
        "n": 910,
        "n_det": 903,
        "det_rate": 0.9923076923076923,
        "rank1_ci_lo": 0.29457364341085274,
        "rank1_ci_hi": 0.3532668881506091
      }
    },
    "32": {
      "metrics": {
        "rank1": 0.5654565456545655,
        "rank5": 0.77007700770077,
        "rank10": 0.8393839383938394,
        "n": 910,
        "n_det": 909,
        "det_rate": 0.9989010989010989,
        "rank1_ci_lo": 0.5335533553355336,
        "rank1_ci_hi": 0.5973597359735974
      }
    },
    "native": {
      "metrics": {
        "rank1": 0.9813186813186813,
        "rank5": 0.9934065934065934,
        "rank10": 0.9967032967032967,
        "n": 910,
        "n_det": 910,
        "det_rate": 1.0,
        "rank1_ci_lo": 0.9725274725274725,
        "rank1_ci_hi": 0.989010989010989
      }
    }
  },
  "Real-ESRGAN": {
    "16": {
      "metrics": {
        "rank1": 0.05098684210526316,
        "rank5": 0.17927631578947367,
        "rank10": 0.2746710526315789,
        "n": 910,
        "n_det": 608,
        "det_rate": 0.6681318681318681,
        "rank1_ci_lo": 0.034498355263157934,
        "rank1_ci_hi": 0.06907894736842106
      }
    },
    "24": {
      "metrics": {
        "rank1": 0.2398568019093079,
        "rank5": 0.4522673031026253,
        "rank10": 0.5632458233890215,
        "n": 910,
        "n_det": 838,
        "det_rate": 0.9208791208791208,
        "rank1_ci_lo": 0.20999403341288786,
        "rank1_ci_hi": 0.2684964200477327
      }
    },
    "32": {
      "metrics": {
        "rank1": 0.4542372881355932,
        "rank5": 0.6892655367231638,
        "rank10": 0.7807909604519774,
        "n": 910,
        "n_det": 885,
        "det_rate": 0.9725274725274725,
        "rank1_ci_lo": 0.41918079096045197,
        "rank1_ci_hi": 0.4847457627118644
      }
    },
    "native": {
      "metrics": {
        "rank1": 0.9636163175303197,
        "rank5": 0.9856670341786108,
        "rank10": 0.9933847850055126,
        "n": 910,
        "n_det": 907,
        "det_rate": 0.9967032967032967,
        "rank1_ci_lo": 0.9503858875413451,
        "rank1_ci_hi": 0.9757442116868799
      }
    }
  },
  "PALF-Net": {
    "16": {
      "metrics": {
        "rank1": 0.12028985507246377,
        "rank5": 0.27246376811594203,
        "rank10": 0.36086956521739133,
        "n": 910,
        "n_det": 690,
        "det_rate": 0.7582417582417582,
        "rank1_ci_lo": 0.09855072463768116,
        "rank1_ci_hi": 0.14492753623188406
      }
    },
    "24": {
      "metrics": {
        "rank1": 0.3384253819036428,
        "rank5": 0.581668625146886,
        "rank10": 0.6850763807285546,
        "n": 910,
        "n_det": 851,
        "det_rate": 0.9351648351648352,
        "rank1_ci_lo": 0.3078730904817861,
        "rank1_ci_hi": 0.3701821386603995
      }
    },
    "32": {
      "metrics": {
        "rank1": 0.6354401805869074,
        "rank5": 0.8058690744920993,
        "rank10": 0.8589164785553047,
        "n": 910,
        "n_det": 886,
        "det_rate": 0.9736263736263736,
        "rank1_ci_lo": 0.6038374717832957,
        "rank1_ci_hi": 0.6659142212189616
      }
    },
    "native": {
      "metrics": {
        "rank1": 0.9724972497249725,
        "rank5": 0.9911991199119912,
        "rank10": 0.9955995599559956,
        "n": 910,
        "n_det": 909,
        "det_rate": 0.9989010989010989,
        "rank1_ci_lo": 0.9614961496149615,
        "rank1_ci_hi": 0.9823982398239824
      }
    }
  },
  "PALF-Net (no pose)": {
    "16": {
      "metrics": {
        "rank1": 0.15256588072122051,
        "rank5": 0.33980582524271846,
        "rank10": 0.4521497919556172,
        "n": 910,
        "n_det": 721,
        "det_rate": 0.7923076923076923,
        "rank1_ci_lo": 0.1262135922330097,
        "rank1_ci_hi": 0.1789528432732316
      }
    },
    "24": {
      "metrics": {
        "rank1": 0.39928057553956836,
        "rank5": 0.6091127098321343,
        "rank10": 0.7194244604316546,
        "n": 910,
        "n_det": 834,
        "det_rate": 0.9164835164835164,
        "rank1_ci_lo": 0.36810551558752996,
        "rank1_ci_hi": 0.434052757793765
      }
    },
    "32": {
      "metrics": {
        "rank1": 0.6643518518518519,
        "rank5": 0.8217592592592593,
        "rank10": 0.8703703703703703,
        "n": 910,
        "n_det": 864,
        "det_rate": 0.9494505494505494,
        "rank1_ci_lo": 0.6331018518518519,
        "rank1_ci_hi": 0.6956018518518519
      }
    },
    "native": {
      "metrics": {
        "rank1": 0.9493949394939494,
        "rank5": 0.9834983498349835,
        "rank10": 0.9856985698569857,
        "n": 910,
        "n_det": 909,
        "det_rate": 0.9989010989010989,
        "rank1_ci_lo": 0.9361661166116613,
        "rank1_ci_hi": 0.9636963696369637
      }
    }
  },
  "AdaFace-SR": {
    "16": {
      "metrics": {
        "rank1": 0.18892900120336945,
        "rank5": 0.35980746089049337,
        "rank10": 0.4645006016847172,
        "n": 910,
        "n_det": 831,
        "det_rate": 0.9131868131868132,
        "rank1_ci_lo": 0.16242478941034902,
        "rank1_ci_hi": 0.21780986762936222
      }
    },
    "24": {
      "metrics": {
        "rank1": 0.457174638487208,
        "rank5": 0.6707452725250278,
        "rank10": 0.7519466073414905,
        "n": 910,
        "n_det": 899,
        "det_rate": 0.987912087912088,
        "rank1_ci_lo": 0.42380422691879865,
        "rank1_ci_hi": 0.4883203559510567
      }
    },
    "32": {
      "metrics": {
        "rank1": 0.7260726072607261,
        "rank5": 0.858085808580858,
        "rank10": 0.8998899889988999,
        "n": 910,
        "n_det": 909,
        "det_rate": 0.9989010989010989,
        "rank1_ci_lo": 0.6985698569856986,
        "rank1_ci_hi": 0.7524752475247525
      }
    },
    "native": {
      "metrics": {
        "rank1": 0.9846153846153847,
        "rank5": 0.9967032967032967,
        "rank10": 0.9967032967032967,
        "n": 910,
        "n_det": 910,
        "det_rate": 1.0,
        "rank1_ci_lo": 0.9758241758241758,
        "rank1_ci_hi": 0.9923076923076923
      }
    }
  }
}