{
  "Bicubic": {
    "16": {
      "metrics": {
        "rank1": 0.22666666666666666,
        "rank5": 0.43636363636363634,
        "rank10": 0.553939393939394,
        "n": 910,
        "n_det": 825,
        "det_rate": 0.9065934065934066
      },
      "stratified": {
        "frontal": {
          "rank1": 0.2441860465116279,
          "rank5": 0.45348837209302323,
          "rank10": 0.5542635658914729,
          "n": 258,
          "n_det": 258,
          "det_rate": 1.0,
          "count": 258
        },
        "moderate": {
          "rank1": 0.23224043715846995,
          "rank5": 0.45901639344262296,
          "rank10": 0.5901639344262295,
          "n": 366,
          "n_det": 366,
          "det_rate": 1.0,
          "count": 366
        },
        "oblique": {
          "rank1": 0.19047619047619047,
          "rank5": 0.38095238095238093,
          "rank10": 0.5,
          "n": 168,
          "n_det": 168,
          "det_rate": 1.0,
          "count": 168
        },
        "profile": {
          "rank1": 0.21212121212121213,
          "rank5": 0.3333333333333333,
          "rank10": 0.42424242424242425,
          "n": 33,
          "n_det": 33,
          "det_rate": 1.0,
          "count": 33
        }
      }
    },
    "24": {
      "metrics": {
        "rank1": 0.5750551876379691,
        "rank5": 0.7472406181015453,
        "rank10": 0.82560706401766,
        "n": 910,
        "n_det": 906,
        "det_rate": 0.9956043956043956
      },
      "stratified": {
        "frontal": {
          "rank1": 0.5068493150684932,
          "rank5": 0.7123287671232876,
          "rank10": 0.773972602739726,
          "n": 146,
          "n_det": 146,
          "det_rate": 1.0,
          "count": 146
        },
        "moderate": {
          "rank1": 0.5953488372093023,
          "rank5": 0.7604651162790698,
          "rank10": 0.8325581395348837,
          "n": 430,
          "n_det": 430,
          "det_rate": 1.0,
          "count": 430
        },
        "oblique": {
          "rank1": 0.5960912052117264,
          "rank5": 0.755700325732899,
          "rank10": 0.8436482084690554,
          "n": 307,
          "n_det": 307,
          "det_rate": 1.0,
          "count": 307
        },
        "profile": {
          "rank1": 0.34782608695652173,
          "rank5": 0.6086956521739131,
          "rank10": 0.782608695652174,
          "n": 23,
          "n_det": 23,
          "det_rate": 1.0,
          "count": 23
        }
      }
    },
    "32": {
      "metrics": {
        "rank1": 0.8415841584158416,
        "rank5": 0.9273927392739274,
        "rank10": 0.9504950495049505,
        "n": 910,
        "n_det": 909,
        "det_rate": 0.9989010989010989
      },
      "stratified": {
        "frontal": {
          "rank1": 0.8305084745762712,
          "rank5": 0.9152542372881356,
          "rank10": 0.9576271186440678,
          "n": 118,
          "n_det": 118,
          "det_rate": 1.0,
          "count": 118
        },
        "moderate": {
          "rank1": 0.8434579439252337,
          "rank5": 0.9299065420560748,
          "rank10": 0.9485981308411215,
          "n": 428,
          "n_det": 428,
          "det_rate": 1.0,
          "count": 428
        },
        "oblique": {
          "rank1": 0.8514285714285714,
          "rank5": 0.9342857142857143,
          "rank10": 0.9542857142857143,
          "n": 350,
          "n_det": 350,
          "det_rate": 1.0,
          "count": 350
        },
        "profile": {
          "rank1": 0.6153846153846154,
          "rank5": 0.7692307692307693,
          "rank10": 0.8461538461538461,
          "n": 13,
          "n_det": 13,
          "det_rate": 1.0,
          "count": 13
        }
      }
    },
    "native": {
      "metrics": {
        "rank1": 0.9966996699669967,
        "rank5": 0.9988998899889989,
        "rank10": 0.9988998899889989,
        "n": 910,
        "n_det": 909,
        "det_rate": 0.9989010989010989
      },
      "stratified": {
        "frontal": {
          "rank1": 1.0,
          "rank5": 1.0,
          "rank10": 1.0,
          "n": 133,
          "n_det": 133,
          "det_rate": 1.0,
          "count": 133
        },
        "moderate": {
          "rank1": 1.0,
          "rank5": 1.0,
          "rank10": 1.0,
          "n": 516,
          "n_det": 516,
          "det_rate": 1.0,
          "count": 516
        },
        "oblique": {
          "rank1": 0.9880952380952381,
          "rank5": 0.996031746031746,
          "rank10": 0.996031746031746,
          "n": 252,
          "n_det": 252,
          "det_rate": 1.0,
          "count": 252
        },
        "profile": {
          "rank1": 1.0,
          "rank5": 1.0,
          "rank10": 1.0,
          "n": 8,
          "n_det": 8,
          "det_rate": 1.0,
          "count": 8
        }
      }
    }
  },
  "PALF-Net": {
    "16": {
      "metrics": {
        "rank1": 0.08058124174372523,
        "rank5": 0.202113606340819,
        "rank10": 0.30779392338177014,
        "n": 910,
        "n_det": 757,
        "det_rate": 0.8318681318681319
      },
      "stratified": {
        "frontal": {
          "rank1": 0.07661290322580645,
          "rank5": 0.1975806451612903,
          "rank10": 0.3185483870967742,
          "n": 248,
          "n_det": 248,
          "det_rate": 1.0,
          "count": 248
        },
        "moderate": {
          "rank1": 0.08645533141210375,
          "rank5": 0.21902017291066284,
          "rank10": 0.3314121037463977,
          "n": 347,
          "n_det": 347,
          "det_rate": 1.0,
          "count": 347
        },
        "oblique": {
          "rank1": 0.08571428571428572,
          "rank5": 0.17857142857142858,
          "rank10": 0.25,
          "n": 140,
          "n_det": 140,
          "det_rate": 1.0,
          "count": 140
        },
        "profile": {
          "rank1": 0.0,
          "rank5": 0.13636363636363635,
          "rank10": 0.18181818181818182,
          "n": 22,
          "n_det": 22,
          "det_rate": 1.0,
          "count": 22
        }
      }
    },
    "24": {
      "metrics": {
        "rank1": 0.2842227378190255,
        "rank5": 0.505800464037123,
        "rank10": 0.6078886310904872,
        "n": 910,
        "n_det": 862,
        "det_rate": 0.9472527472527472
      },
      "stratified": {
        "frontal": {
          "rank1": 0.26666666666666666,
          "rank5": 0.4888888888888889,
          "rank10": 0.562962962962963,
          "n": 135,
          "n_det": 135,
          "det_rate": 1.0,
          "count": 135
        },
        "moderate": {
          "rank1": 0.2784503631961259,
          "rank5": 0.5012106537530266,
          "rank10": 0.6004842615012107,
          "n": 413,
          "n_det": 413,
          "det_rate": 1.0,
          "count": 413
        },
        "oblique": {
          "rank1": 0.3013698630136986,
          "rank5": 0.5205479452054794,
          "rank10": 0.6472602739726028,
          "n": 292,
          "n_det": 292,
          "det_rate": 1.0,
          "count": 292
        },
        "profile": {
          "rank1": 0.2727272727272727,
          "rank5": 0.5,
          "rank10": 0.5,
          "n": 22,
          "n_det": 22,
          "det_rate": 1.0,
          "count": 22
        }
      }
    },
    "32": {
      "metrics": {
        "rank1": 0.5458612975391499,
        "rank5": 0.7472035794183445,
        "rank10": 0.8076062639821029,
        "n": 910,
        "n_det": 894,
        "det_rate": 0.9824175824175824
      },
      "stratified": {
        "frontal": {
          "rank1": 0.6637931034482759,
          "rank5": 0.8275862068965517,
          "rank10": 0.8448275862068966,
          "n": 116,
          "n_det": 116,
          "det_rate": 1.0,
          "count": 116
        },
        "moderate": {
          "rank1": 0.5460992907801419,
          "rank5": 0.7423167848699763,
          "rank10": 0.8085106382978723,
          "n": 423,
          "n_det": 423,
          "det_rate": 1.0,