{
  "rank1": 52.199354317998385,
  "rank5": 66.06133979015335,
  "total_probes": 4956,
  "gallery": 1208
}