{
  "d1": {
    "overall": {
      "rank1": 0.7461368653421634,
      "rank5": 0.8730684326710817,
      "rank10": 0.9150110375275938,
      "n": 910,
      "n_det": 906
    },
    "stratified": {
      "frontal": {
        "rank1": 0.76793893129771,
        "rank5": 0.8778625954198473,
        "rank10": 0.9236641221374046,
        "n": 655,
        "n_det": 655,
        "count": 655
      },
      "half_profile": {
        "rank1": 0.6892430278884463,
        "rank5": 0.8605577689243028,
        "rank10": 0.8924302788844621,
        "n": 251,
        "n_det": 251,
        "count": 251
      },
      "profile": {
        "rank1": 0,
        "rank5": 0,
        "count": 0
      },
      "unknown": {
        "rank1": 0,
        "rank5": 0,
        "count": 0
      }
    }
  },
  "d2": {
    "overall": {
      "rank1": 0.9471947194719472,
      "rank5": 0.9823982398239824,
      "rank10": 0.9911991199119912,
      "n": 910,
      "n_det": 909
    },
    "stratified": {
      "frontal": {
        "rank1": 0.9375,
        "rank5": 0.9831081081081081,
        "rank10": 0.9915540540540541,
        "n": 592,
        "n_det": 592,
        "count": 592
      },
      "half_profile": {
        "rank1": 0.9650793650793651,
        "rank5": 0.9809523809523809,
        "rank10": 0.9904761904761905,
        "n": 315,
        "n_det": 315,
        "count": 315
      },
      "profile": {
        "rank1": 1.0,
        "rank5": 1.0,
        "rank10": 1.0,
        "n": 2,
        "n_det": 2,
        "count": 2
      },
      "unknown": {
        "rank1": 0,
        "rank5": 0,
        "count": 0
      }
    }
  },
  "d3": {
    "overall": {
      "rank1": 0.9945054945054945,
      "rank5": 0.9989010989010989,
      "rank10": 1.0,
      "n": 910,
      "n_det": 910
    },
    "stratified": {
      "frontal": {
        "rank1": 0.9965034965034965,
        "rank5": 1.0,
        "rank10": 1.0,
        "n": 286,
        "n_det": 286,
        "count": 286
      },
      "half_profile": {
        "rank1": 0.9935064935064936,
        "rank5": 0.9983766233766234,
        "rank10": 1.0,
        "n": 616,
        "n_det": 616,
        "count": 616
      },
      "profile": {
        "rank1": 1.0,
        "rank5": 1.0,
        "rank10": 1.0,
        "n": 8,
        "n_det": 8,
        "count": 8
      },
      "unknown": {
        "rank1": 0,
        "rank5": 0,
        "count": 0
      }
    }
  }
}