{
  "rank1": 62.915601023017906,
  "rank5": 81.07416879795396,
  "total_probes": 391,
  "gallery_subjects": 53,
  "temporal_agg": true
}